baseline,corrupted_baseline,edges,edges_EAP-IG,loss_EAP-IG
8.45042896270752,-6.034142017364502,0,0,-6.034142017364502
8.45042896270752,-6.034142017364502,500,452,0.23065674304962158
8.45042896270752,-6.034142017364502,1000,963,0.5611885190010071
8.45042896270752,-6.034142017364502,1500,1477,0.9840547442436218
8.45042896270752,-6.034142017364502,2000,1977,0.49834349751472473
