baseline,corrupted_baseline,edges,edges_EAP-IG,loss_EAP-IG
0.6416015625,0.04217529296875,300,143,
0.6416015625,0.04217529296875,400,207,
0.6416015625,0.04217529296875,500,260,
0.6416015625,0.04217529296875,600,350,
0.6416015625,0.04217529296875,700,405,
0.6416015625,0.04217529296875,800,481,
0.6416015625,0.04217529296875,900,550,
0.6416015625,0.04217529296875,1000,637,
